{
  "project_info": {
    "project_number": "864522380119",
    "firebase_url": "https://bemergency-f3c44-default-rtdb.firebaseio.com",
    "project_id": "bemergency-f3c44",
    "storage_bucket": "bemergency-f3c44.appspot.com"
  },
  "client": [
    {
      "client_info": {
        "mobilesdk_app_id": "1:864522380119:android:d2ea8d026b3f919cca5412",
        "android_client_info": {
          "package_name": "com.example.a31b"
        }
      },
      "oauth_client": [
        {
          "client_id": "864522380119-soq3nseinnrqrr51uh28mp654i89v1fc.apps.googleusercontent.com",
          "client_type": 3
        }
      ],
      "api_key": [
        {
          "current_key": "AIzaSyBtdcmUh7YKJheZVKzhslHMQdzr8N7WoIM"
        }
      ],
      "services": {
        "appinvite_service": {
          "other_platform_oauth_client": [
            {
              "client_id": "864522380119-soq3nseinnrqrr51uh28mp654i89v1fc.apps.googleusercontent.com",
              "client_type": 3
            }
          ]
        }
      }
    }
  ],
  "configuration_version": "1"
}